address,name,email
0x1234567890abcdef1234567890abcdef12345678,Alice,alice@example.com
0x2345678901bcdef12345678901bcdef123456789,Bob,bob@example.com
0x3456789012cdef123456789012cdef1234567890,Charlie,charlie@example.com
0x456789013def123456789013def12345678901a,David,david@example.com
0x56789014ef123456789014ef123456789014b,Eve,eve@example.com
0x6789015f123456789015f123456789015c,Frank,frank@example.com
0x789016123456789016123456789016d,Grace,grace@example.com
0x89017123456789017123456789017e,Henry,henry@example.com
0x9018123456789018123456789018f,Ivy,ivy@example.com
0xa019123456789019123456789019,Jack,jack@example.com
